seller_name,Total_Revenue
PRE███TI ███LEC██████,1995
AAR███LIF███YLE█████████LIM██████,14512
Blo███Exi███riv█████████ed,854
Gun███al ███tch█████████E L█████████,2100
Home,1110
ICO███ FA███ON █████████ PV██████,6748
CRO███OAD███LOT█████████LTD███,2327
Kis███App███ls █████████imi██████,28823
Kri███n A███rel█████████Lim██████,1102
STR███LIN███PPA█████████ATE█████████,1584
MAX███ IN███NAT██████,1087
Bil███nka███Pri█████████ted███,349
Br ███erp███es,799
BRU███SAL███PVT█████████,2878
IC4███dus███es █████████imi██████,625
FLE███LE ███ARE███,899
EDG███QUA███,560
Tra███ion███Exp█████████rat██████,839
VEL███TTE███FES█████████LTD███,1333
UDA███ASH███,3291
Tru███t C███erc███,12445
Gin███ Jo███Ltd███,540
ANI███OTH███,989
ITS███FFE███T,999
A&V███WEL███VT ██████,425
H &███Hen███ & █████████eta█████████████████████,7136
Bew███of ███nds█████████Lim██████,549
CLA███ RE███NCE█████████ PV██████,16497
GAR███CRY███S L█████████,509
ADI███ AP███ELS███,321
KPA███PAR███ PR█████████ITE███,659
Bat███ndi███imi██████,988
CHA███LIF███YLE█████████,689
Pun███ Ap███els█████████,864
TIM███T R███IL █████████RIV████████████,1596
AK ███erp███es,770
SHI███TRA███S,605
OM ███THI███,4010
Kor███yst███,542
Spo███ IQ███,1149
S D███tai███vt.██████,606
Abh███Ove███as ██████,1679
VER███ODA███TAI█████████,1329
Men███Bra███Tec█████████ Pr███████████████,3463
IND███ NE███E -██████,2980
Fla███ech███tai███,20965
Ret███Net███,21493
S &███Mar███ing███,1348
Duk███ash███s I█████████ted███,259
Kas███r L███her█████████Pvt██████,223
RUB███S C███,2999
Kot███da ███est█████████Ltd███,1442
Ind███ewe███ash█████████ Lt███,1399
Zak███i I███tec█████████ Li██████,2979
M/S███EPA███MPE███,2078
Kaz███ash███ PV█████████JIT███,1476
MAD███R P███T P█████████MIT███,671
KAR███ OV███EAS███,693
BRA███SI ███AIL███,771
V S███ERS███,2349
DOL███ IN███TRI█████████,582
ETE███LIA███EAT█████████CHA█████████████████████ED,699
WHI███SHR███PVT██████,1429
Omn███ch ███ail███,28798
Ama███hoe███nd █████████are███,2837
CS ███est███,1680
VOX███,1090
BEG███01 ███EST██████,2799
GEN███TIO███,552
Moh███Clo███ng █████████Ltd███,1017
V S███ CR███ION█████████,955
Sle███ Ap███els███,1475
CUT███INS███IVA█████████D,1169
PRE███R A███REL███,699
TIE███IBB███,624
AVY███ FA███ONT█████████TE ███████████████,1046
VOL███FAS███N P█████████,3839
SAN███UNE███,384
Bha███vna███Imp█████████ect███,935
PRE███RE ███AIL█████████PRI███████████████,2154
KRU███A E███RPR██████,899
HOU███OF ███NDS█████████LLP███,225
SWARR,1278
Nag███ Li███tyl███,3749
SAR███HOM███ASY█████████RIV████████████,7998
TEA███OD,4079
PUR███ART███NTE█████████,335
Fix███ma ███ia █████████,1250
Poc███uch███Kid█████████,699
BRI███ RE███L L███,679
AAK███INT███TES█████████LIM██████,539
BES███NIT███IND█████████TS █████████,1749
DHV███LOB███PRI█████████TED███,799
V-M███ Re███l L█████████,449
CLI███WIS███NTE█████████RIV████████████,990
K A███POR███PVT██████,615
DLA███OSS███IVA█████████D,499
SEJ███RNI███NGS█████████LIM██████,554
GUR███PA ███EST█████████NY,2080
Bel███Cas███ash█████████ail█████████,404
Fer███id,599
WIN███INT███ATI██████,799
Pum███por███Ind█████████td.█████████,25846
HAR███RET███ PV█████████,899
Dra███Fas███ns █████████vat████████████,2399
Bra███For███es,2017
KOK███V G███AL █████████,2637
SNM███lec███,440
Wes███ry ███din█████████d_P████████████,5185
LAN███RK ███INE█████████T L███,599
Ami███nte███ise███,1599
VAR███N V███AAS███,1319
Net███str███tio█████████s P█████████,21470
SAL███ BI███NA █████████DIA██████████████████,249
Bat███ndi███imi█████████),1408
FRE███ GL███L P█████████MIT███,978
AVY███ FA███ONT█████████TE █████████,1119
CRA███CLO███NG █████████RIV████████████,2499
TRE███ FA███ON,599
M S███PER███ CO█████████RVI██████,1709
ARI███T T███ING█████████,379
Dim███Gar███ts,749
SEL███ITE███GIT█████████,9999
THE███DIA███ARA█████████Y -██████,454
Vis███ St███,57992
Gur███ers███,1888
Fir███Who███ale█████████,4138
DRE███COD███,973
Viv███ In███nat██████,1699
OCH███AND███ACK█████████LIM██████,449
Man███ Fa███ona██████,1247
Esh███ox ███mme█████████td,5290
MOH███BHO███AMU█████████ATE█████████,1059
EAR███RHY███ PR█████████ITE███,284
V R███il ███ Lt███,4999
VR ███ign███,223
SYS███ OR███IC █████████JIT███,676
SAN███ETA███ PV██████,1799
Jai███i J███lle███,1889
Nat███l L███sty█████████ts ██████████████████,7521
Lev███tra███ In█████████td,22578
Clo███Cre███on,9037
One███fe ███ati██████,987
Bel███Lin███ies█████████.,604
Jai███i C███ect██████,840
ARD███ Re███l C███,1568
SHR███KAN███ CO█████████,689
Bag███ In███ Pv██████,1840
Cru███y F███ion█████████,985
ADW███YA ███HIO█████████ LI██████,599
PUR███ UN███D S█████████ATE█████████,199
MIA███ECO███,359
Lea███ Gl███l P█████████,1549
LSD███FES███ES █████████IMI██████,7799
ONL███ETA███PVT██████,1319
EPI███RAN███PVT██████,809
Vas███may███t. ██████,1711
Can███il ███ail█████████mit███,2718
APE███PPA███S,4452
Per███nkl███esi██████,1927
Kap███s R███il █████████,4873
SAP███SHI███ PR█████████ITE███,524
ZAV███ PE███S,758
GLO███ NE███,2886
May███Fas███n I██████,896
Hon███ Co███mer█████████Lim██████,280
DON███N A███REL█████████ LI██████,911
MIL███AR ███AIL█████████LIM██████,898
AMA███XPO███ IN█████████AL,740
ARV███ LI███TYL█████████LIM██████,51088
REL███CE ███U K█████████ATE█████████,21180
Sup███om ███,81377
Neh███a,699
SHI███BOA███RAD█████████,643
M/S███PA ███ARE█████████E L███████████████,1268
Inn███tiv███ife█████████hno█████████████████████,554
SHA███ RE███LS,787
Dil███ Es███tia█████████d,1750
SHI███ABA███NDL██████,569
MET███BRA███,4435
AMR███WEA███G F█████████,1578
BAL███APP███LS █████████IMI██████,449
SUN███E C███TIO███,719
Nav███Ent███ris███,696
Sir███ Hy███ne █████████imi██████,285
WWC███ON ███LER███,1222
Cha███rka███Ent█████████,479
ARB███R C███ECT██████,558
Sun███ne ███t W██████,681
HIL███TRE███LIF█████████,594
null,685018
Bra███ En███pri██████,978
Fla███tar███mme██████,99292
Wes███ry ███din█████████d_M██████,22589
Pla███um ███hio███,11997
7 D███ OR███IC █████████,438
SAT███I F███ION███,1199
BED███E S███IES██████,4849
M/S███V M███C.,599
LAA███TEX███E P█████████,499
Ape███ppa███s -██████,1119
MON███ CR███ION█████████,989
VB ███ort███,599
Fly███,2806
RS ███els███,724
J.G███OSI███ PR█████████ITE███,499
NYM███EA ███HIO█████████ PR███████████████,1512
MER███I F███S A█████████ION██████████████████,433
Ray███d L███ted███,1850
Tur███ Li███ed,839
MOO███ FA███ONS█████████,314
Che███try███sig█████████ Li██████,854
PRI███DES███S P█████████MIT███,3876
THE███ULE███TOR█████████D.,367
SVP███XPO███ PR█████████ITE███,3228
Rad███Kri███a F█████████b,1119
CAM███ AC███EWE█████████D,3972
Daz███ Ex███ts,4479
LIB███Y S███S L█████████,799
Khu███r A███arl███,593
XYX███PPA███S P█████████MIT████████████,249
ANN███NTE███ISE███,899
Par███n P███mer█████████ Pv█████████,768
KAN███ AP███ELS███,480
SPY███ LI███TYL█████████E L█████████,2758
OPE███CLO███NG █████████,1847
MAY███I L███STY█████████E L█████████,539
JAI███MAR███OTH█████████TD,479
V P███WAL███SIE█████████Y,349
AV ███cra███,3499
GO ███HIO███IND█████████ED,899
Sig███Ove███as,865
Fre███Foc███Con█████████duc███████████████,424
INC███SHO███PRI█████████TED███,2690
HB ███DER███RIV█████████ED,872
AMA███XPO███ IN█████████AL █████████,1673
Bod███ove███par█████████,799
AJN███S T███ SO█████████RIV████████████,2332
MIS███ESI███ LI██████,2519
SAA███EX ███ LT███,755
SHO███A D███GNS██████,696
STY███HOR███MAR█████████IVA████████████,2374
FAB███IA ███ITE███,1699
MIA███FAS███N,659
CRE███VE ███MEN█████████E L█████████,539
REN███REA███N,799
Mut███ar,1224
Net███enu███ech█████████Pvt██████,3757
ARY███ FO███EAR█████████PVT██████,5830
IND███ NE███E P█████████MIT███,8377
Fir███Who███ale█████████Lim██████,1842
N R███A R███AND█████████ LT███,595
STY███STO███LLP███,703
Q-ONE,223
Gro███son███ppa█████████Ltd███,299
FAS███N S███TS,759
Yas███all███ Pr█████████ite███,935
BOD███RE ███ERN█████████IMI██████,978
RAJ███OOT███AR,449
KCJ███RKE███G P█████████MIT███,402
TRA███LA ███OM █████████,426
RD ███ERP███ES,434
SET███RIS███ ST██████,2342
RAC███ AR███RIN█████████TD.███,628
Kri███n S███het█████████td,2244
Fit███ Ap███els█████████Lim██████,449
Tru███m R███il,21246
Mia███ife███le,2826
Cov███Sto███Clo█████████ite███,2094
ZEN███R B███D T█████████ PR███████████████,3659
GEN███AD ███AIL█████████LIM██████,772
MAH███R E███RPR██████,2548
THE███DIA███ARA█████████,1711
Pat███a H███e,591
CUT███MBE███ESI█████████TD,1300
ZIV███ AP███EL █████████IMI██████,899
ASH███ PR███S,659
FEM███MAS███,249
Bhu███E R███il █████████,1366
JXP███S,719
GIN███IND███RIE█████████,370
BRU███ CL███APP█████████ATE█████████,310
R.U███NGH███D G█████████PPA█████████████████████,2319
XYX███PPA███S P█████████MIT███,1286
VAC███CRE███ONS███,445
Shi███Int███ati█████████rel███,322
Khu███r A███arl█████████,645
PVH███VIN███ASH█████████TE ███████████████,10375
Lan███rk ███ine█████████t L███,479
PRA███RET███,1999
BEA███ LI███TYL█████████,961
Oma███Ent███ris███,519
YOL███ESI███ PR█████████ITE███,1399
KIR███ENT███RIS███,735
Nik███ndi███riv█████████ed,2495
Sha███i K███ana███,599
Ece███ic ███ia █████████,3248
DES███ER ███GRE█████████IA ██████,3266
M K███OTW███,899
AAR███LIF███YLE█████████LIM████████████,1024
POP███GS ███OMM█████████ATE█████████,619
MAI███ KN███EAR███,404
