customer_id,customer_name,email,phone,city,state,region,customer_type,registration_date
1,Brian Yang,johnsonjoshua@example.org,+1-219-560-0133,Robinsonshire,Louisiana,NORTH,VIP,2021-08-27
2,Phillip Garcia,helenpeterson@example.org,(615)759-4078x1618,Lake Chad,Texas,SOUTH,REGULAR,2023-07-16
3,Mark Diaz,tracie31@example.com,(653)541-9283x276,Meganton,Iowa,NORTH,VIP,2021-11-14
4,Emily Rios,richard13@example.net,(772)542-3884x9696,New Trevor,Wisconsin,NORTH,REGULAR,2021-12-31
5,Arthur James,hernandezernest@example.net,484.980.1845x146,Lake Nancyview,North Carolina,NORTH,VIP,2023-02-13
6,Christina Brooks,harrellkenneth@example.net,(788)609-5701,North John,Oregon,WEST,REGULAR,2022-04-08
7,Betty Alvarez,dennislisa@example.net,+1-624-889-6383,Samuelhaven,New Hampshire,EAST,REGULAR,2022-08-17
8,Leah Smith,jeffreymorgan@example.net,001-403-910-5183x473,Port Thomas,Nebraska,SOUTH,VIP,2023-03-21
9,Scott Brown,davisryan@example.com,+1-410-665-1333x8726,Wrightland,New Hampshire,EAST,REGULAR,2026-04-12
10,Tammy Allison,williamsyvette@example.org,(267)873-6026,Saramouth,Maine,EAST,REGULAR,2025-03-13
11,Lauren Daniels,smoore@example.org,001-350-309-7882x0812,South David,Oregon,NORTH,PREMIUM,2023-09-10
12,Emily Green,harveyrobert@example.net,+1-353-346-2475x10799,New Joseph,Minnesota,EAST,REGULAR,2022-03-08
13,Lisa Archer,mikemoore@example.net,+1-680-584-1241x1824,Jamesview,North Carolina,NORTH,PREMIUM,2025-10-02
14,Donald Smith,rebecca01@example.net,001-724-427-8680x11280,Andersonport,Mississippi,EAST,VIP,2021-12-08
15,Stacey Russell,jason31@example.com,+1-423-322-6025x634,Brennanfort,Iowa,EAST,VIP,2023-04-19
16,Matthew Ross,ybailey@example.org,614-258-6850x142,New Ryanmouth,Nevada,NORTH,REGULAR,2025-12-12
17,Jeffrey Meyer,cruzbarbara@example.com,+1-635-661-5951,Nguyenport,Oklahoma,EAST,REGULAR,2022-09-06
18,Carrie Carroll,robertbentley@example.net,(580)944-3699x5777,Lake Christopher,North Carolina,NORTH,PREMIUM,2024-06-13
19,Robert Hernandez,cardenaskaren@example.net,8379917693,Sancheztown,Wisconsin,EAST,REGULAR,2022-07-04
20,Amber Wright,zrobinson@example.net,872-978-8957,Lake Michelle,New Hampshire,SOUTH,VIP,2023-10-21
21,Mr. Jeremiah Reeves,maryramirez@example.net,845.458.1223,North Robert,Michigan,NORTH,VIP,2026-03-19
22,Randy Shah,nperry@example.com,5969705466,West Ryan,Alaska,SOUTH,REGULAR,2024-11-27
23,Veronica Ferguson,elizabeth62@example.com,(599)901-6272x0465,Matthewfurt,Louisiana,EAST,VIP,2025-03-08
24,Zoe Bell,mary70@example.net,+1-510-903-3092x3271,Katieburgh,Rhode Island,SOUTH,VIP,2022-07-28
25,Laura Odonnell,tamirodriguez@example.org,(863)719-3149x1905,New Deborahtown,Nebraska,NORTH,REGULAR,2025-10-08
26,Jessica Gross,hamiltonmichael@example.com,+1-949-587-7694x5314,Hudsonfurt,Michigan,EAST,PREMIUM,2021-11-04
27,Robert Peterson,lrosales@example.com,+1-948-908-3136x783,Mcguireland,Maine,SOUTH,VIP,2023-06-26
28,Kara Schmidt,tholt@example.net,(485)557-4443x13518,Lake Todd,Washington,EAST,REGULAR,2026-01-22
29,Eric Erickson,tina34@example.org,(240)608-4271,Mendozamouth,Idaho,WEST,VIP,2022-01-13
30,Benjamin Soto,shelley71@example.org,8225941318,Hayesmouth,Maryland,EAST,REGULAR,2025-03-31
31,Phillip Garrett,ashley09@example.net,912-632-8120x679,East Keithport,Vermont,EAST,VIP,2025-06-17
32,Regina Gonzalez,mcdanielsandra@example.net,683-624-2102,Martinezport,Vermont,WEST,PREMIUM,2025-01-08
33,Stacy Navarro,vincent77@example.org,+1-940-913-9904x902,Howardshire,Nevada,SOUTH,VIP,2025-10-12
34,Shannon Rivera,harrisonricky@example.com,001-874-268-0715x451,Gutierrezborough,North Dakota,NORTH,REGULAR,2024-09-04
35,Joshua Pennington,wgarrett@example.org,371.509.3248x086,South Staceyberg,New York,SOUTH,VIP,2024-01-30
36,Charles Lee,robert77@example.org,+1-982-414-6584x044,Ryanstad,Michigan,NORTH,PREMIUM,2026-04-17
37,Mrs. Janet Chase,ugibson@example.org,(905)376-6270x28951,Smithberg,Nebraska,WEST,VIP,2022-11-29
38,Jennifer Miller,harrisontanya@example.com,386-357-8091x34316,Jacksonport,Alaska,NORTH,VIP,2021-12-27
39,David Jenkins,laura45@example.com,+1-622-921-9693x79237,Elizabethmouth,Maine,EAST,VIP,2026-04-01
40,Victor Vaughn,charleslandry@example.net,643.267.1369x594,Hillshire,Utah,EAST,PREMIUM,2022-01-06
41,Heather Fields,swall@example.org,+1-642-710-4709x521,Thompsonberg,Ohio,NORTH,VIP,2024-09-16
42,Gina Wilson,maria47@example.com,623-368-5160,Richardsonview,Pennsylvania,EAST,VIP,2024-11-02
43,Terri Murphy,daniel37@example.org,+1-331-374-6120x047,New Derek,New Jersey,NORTH,VIP,2024-10-02
44,Mary Bass,umatthews@example.org,+1-764-205-3773x515,Hillville,New Jersey,SOUTH,REGULAR,2022-05-18
45,Gavin Zhang,darleneharper@example.org,001-431-283-9335,Micheleberg,Florida,SOUTH,VIP,2026-03-12
46,Richard Young,lauren10@example.org,302-940-2681x17758,New Bradley,Texas,NORTH,VIP,2026-01-13
47,Jessica Rodriguez,stephen00@example.com,001-771-815-9212x499,Shawnchester,Connecticut,NORTH,REGULAR,2022-07-28
48,Jesse Perry,russellbeasley@example.com,356-354-5271,South Colinstad,Florida,EAST,REGULAR,2026-05-01
49,Jennifer Russo,willisanna@example.com,001-360-749-4519x83273,Dannyview,Oregon,NORTH,REGULAR,2023-07-10
50,Maria Johnson,xbruce@example.net,+1-440-224-4550x22961,Lake Alyssafurt,Nebraska,NORTH,VIP,2025-06-16
51,Sophia Moore,eric45@example.net,001-390-714-7679x76438,Rodriguezshire,New York,SOUTH,VIP,2026-01-30
52,Eric Clark,brandon69@example.org,(444)851-0762,New Angelica,Texas,SOUTH,PREMIUM,2024-08-11
53,Thomas Atkins,sandersjudy@example.com,001-769-466-4160,Collierstad,Colorado,WEST,REGULAR,2025-04-24
54,Seth Reese,sanchezbrianna@example.net,752.718.1883,East Curtis,Kentucky,SOUTH,VIP,2023-04-11
55,Trevor Burton,carriewolf@example.net,999.679.9552x717,Brittanystad,North Carolina,EAST,PREMIUM,2022-03-25
56,Angela Lin,steven00@example.com,999-586-7980,Cassidyhaven,Georgia,WEST,REGULAR,2022-02-15
57,Matthew Williams,vgarcia@example.net,001-777-288-9255x466,Cameronville,Oklahoma,NORTH,PREMIUM,2024-11-20
58,Matthew Rangel,johnathan92@example.com,762-291-4865x2816,Kyleborough,Michigan,SOUTH,VIP,2025-09-25
59,Richard Romero,jeremytaylor@example.org,+1-480-459-2962,Lake Samuel,Nebraska,NORTH,VIP,2024-09-11
60,Cynthia Allen,tarabishop@example.net,435.697.7468x8623,Lake Timothystad,Oklahoma,SOUTH,REGULAR,2022-06-21
61,Jose Guerra,mitchellkathryn@example.com,737-550-6068,Vangstad,Iowa,EAST,REGULAR,2021-11-02
62,Thomas Kennedy,sarah52@example.org,(477)890-1043,Port Keithport,Delaware,EAST,VIP,2022-01-02
63,Russell Porter,robertbauer@example.com,+1-708-593-2460,Lopezland,North Dakota,SOUTH,VIP,2024-08-31
64,Jeanette Harrison,ashleyamy@example.net,+1-265-740-5153x1952,Lisaburgh,Wyoming,WEST,REGULAR,2025-07-20
65,Ricardo Ellis,zwelch@example.org,530-630-5486x8740,Michelleton,Tennessee,WEST,REGULAR,2024-06-03
66,Stephanie Hughes,david56@example.com,(877)458-4161,Manuelland,Massachusetts,WEST,PREMIUM,2024-02-11
67,Jeremy Acosta,sean62@example.net,(996)240-1658x202,North Joel,Tennessee,WEST,VIP,2024-09-18
68,Jerry Watson,patrick90@example.net,419.928.5654x310,Mcintyreville,Kentucky,NORTH,REGULAR,2023-10-24
69,Yvonne Gonzalez,nlewis@example.com,(617)627-1551,Lake Jenna,Vermont,EAST,REGULAR,2023-01-29
70,Johnny Ward,william13@example.org,001-857-982-9114,Hammondshire,California,SOUTH,VIP,2022-08-31
71,Bethany Calderon,dawn77@example.net,+1-492-626-8018,East Marcus,Virginia,WEST,REGULAR,2023-07-08
72,Mark Pierce,stacey84@example.org,(449)481-8299,Meganshire,Arizona,SOUTH,REGULAR,2021-11-03
73,Daniel Armstrong,williamsdarlene@example.net,+1-207-484-4736x471,Perrymouth,Indiana,NORTH,REGULAR,2024-06-28
74,Haley Ross PhD,larryhiggins@example.net,881.853.7147x32104,Port Rachel,Massachusetts,NORTH,REGULAR,2026-07-06
75,Shawn Jimenez,james27@example.net,268-673-3950,Harperfort,Maine,SOUTH,REGULAR,2026-03-01
76,Pamela Diaz,booneryan@example.com,(609)383-5841x6878,North Phillip,Michigan,WEST,REGULAR,2026-05-06
77,Andrew Williams,kari39@example.net,001-457-887-2982x595,Brittneyhaven,North Carolina,NORTH,REGULAR,2026-02-15
78,Isabella Nunez,terickson@example.com,(894)409-7499x30972,North Ashley,Vermont,WEST,PREMIUM,2022-07-14
79,Damon Shaw,andrewedwards@example.org,+1-470-928-3857x865,Amyview,South Carolina,WEST,PREMIUM,2025-09-19
80,William Evans,susanramirez@example.com,837-757-5844x1986,West Bobby,Virginia,WEST,REGULAR,2022-04-09
81,Joshua Fitzpatrick,sandra47@example.org,001-242-319-9330x833,Riverafort,Connecticut,SOUTH,REGULAR,2022-10-08
82,Timothy Johns,oconnelltiffany@example.org,434.254.0193x8026,Frenchburgh,West Virginia,NORTH,VIP,2024-01-23
83,Frances Gibson,smithashley@example.org,+1-688-472-8743x1527,Lake Matthewport,Oregon,NORTH,VIP,2023-03-30
84,Kaylee Miller,cherylfowler@example.com,+1-612-227-5304x63745,Desireebury,Arkansas,SOUTH,REGULAR,2022-08-09
85,Stephanie Padilla,zparker@example.net,814-959-3327x2795,Port John,Wisconsin,NORTH,REGULAR,2022-04-18
86,Ashley Poole,xrice@example.org,939.282.2587x13971,Andersonchester,New Jersey,NORTH,VIP,2026-05-25
87,Jennifer Velasquez,hansenemily@example.com,001-639-810-6518x0170,Port Derek,Tennessee,WEST,REGULAR,2025-03-05
88,Michael Stanley,victoria67@example.com,+1-525-212-8682,West Stevenside,Nevada,SOUTH,VIP,2026-02-14
89,Donald Pineda,pmorrow@example.com,001-210-569-0331x1907,South Scottside,Indiana,NORTH,PREMIUM,2022-01-29
90,Laura Barton,williamroberts@example.net,934-228-3644x08926,Shellyfurt,North Dakota,EAST,PREMIUM,2024-04-23
91,Joshua Allen,trussell@example.com,442.870.8668,West James,Tennessee,EAST,REGULAR,2022-04-09
92,Cheryl Adams,fboone@example.net,+1-599-501-3983x73540,Lake Yvonnefort,Kansas,SOUTH,VIP,2023-05-04
93,Jamie Ferguson,jherman@example.com,(744)858-7717x535,New Michelleberg,Alaska,WEST,PREMIUM,2023-10-26
94,Kelly Sanchez,mphillips@example.com,+1-454-977-7252,New Veronica,Arkansas,NORTH,REGULAR,2026-01-20
95,Aaron Taylor,combscharles@example.net,+1-931-220-3875x0997,New Andreatown,Alaska,NORTH,REGULAR,2026-02-06
96,Megan Drake,amanda40@example.net,(611)782-3398,Lauraland,Mississippi,EAST,REGULAR,2025-01-19
97,Ronald Miller,scunningham@example.org,+1-801-766-6870x0217,New Samanthabury,Indiana,NORTH,REGULAR,2026-06-02
98,Stephanie Elliott,enelson@example.net,6254039261,New Mary,Missouri,SOUTH,PREMIUM,2026-03-13
99,Haley Davis,patrick21@example.net,615.999.9650,Perezside,Missouri,EAST,VIP,2025-04-09
100,Elizabeth Wright,eringuerrero@example.org,314-326-2655,West Seanview,Connecticut,NORTH,VIP,2022-09-22
101,Ashley Davis,lopezshane@example.net,+1-819-395-6046,New Adriana,Utah,EAST,VIP,2024-11-01
102,Christopher Hill,dominicturner@example.com,671-254-3799x3712,Cookfurt,Michigan,SOUTH,PREMIUM,2025-05-05
103,Travis Harris,ryan92@example.com,526-454-7935x64651,Lake Stevenborough,New Hampshire,NORTH,VIP,2024-01-29
104,Brenda Turner,fuenteslaura@example.com,826-261-7979x688,Jacquelineside,Rhode Island,EAST,PREMIUM,2022-04-28
105,Lonnie Hart,mackdiane@example.com,+1-565-961-0143x8889,Petershire,Vermont,EAST,REGULAR,2025-11-08
106,Thomas Miller,michaeljohnson@example.org,001-925-745-7387x5717,West Bradleyville,Alaska,EAST,VIP,2024-07-07
107,Christopher Moore,byrdfrank@example.net,+1-267-536-2266,Vargasfurt,Alabama,NORTH,REGULAR,2023-06-05
108,Rebecca Herrera,joshuapadilla@example.org,(853)371-4785x969,Michaelmouth,South Carolina,EAST,REGULAR,2023-01-25
109,Bruce Torres,invalid_email,(852)886-6929,South Cynthia,Vermont,SOUTH,VIP,2023-01-27
110,Lisa Glenn,tracytaylor@example.com,9728368876,Burnsland,Oregon,SOUTH,VIP,2021-11-10
111,Richard Cunningham,kellyhill@example.net,001-578-881-9148x58078,Lake Mariabury,Maryland,WEST,VIP,2021-11-15
112,Autumn Cain,invalid_email,595.296.2923,Amandaside,Hawaii,NORTH,VIP,2024-05-08
113,Brandy Brady,keith48@example.net,(804)822-3253x67294,Jonesland,Montana,NORTH,PREMIUM,2025-12-25
114,Aaron Schroeder,heather57@example.com,001-617-751-8636x3745,New Melissa,Michigan,SOUTH,PREMIUM,2022-01-04
115,Timothy Moore,garciakristen@example.com,706.432.4241x541,South Conniebury,Nevada,EAST,PREMIUM,2022-05-17
116,Kelly Wallace,smiththomas@example.org,3513627136,West Michaelport,Florida,NORTH,PREMIUM,2024-11-08
117,Alejandra Santos,darlenebyrd@example.org,853.726.9731x121,Edwardsberg,Kansas,SOUTH,VIP,2023-12-15
118,Peggy Vaughn,wrightcarolyn@example.net,+1-543-989-8364x03761,New Pamelatown,Mississippi,WEST,VIP,2024-04-16
119,Michael Farmer,paulcombs@example.com,001-810-891-0430x06848,Millerside,Ohio,SOUTH,REGULAR,2022-11-24
120,Brittney Murphy,christopher18@example.org,001-314-963-0316,West Elizabethburgh,Delaware,SOUTH,PREMIUM,2021-09-15
121,Rachel Le,jacquelinemartin@example.com,(352)641-0564,South Spencerstad,Arkansas,EAST,PREMIUM,2025-11-06
122,Megan Wilson,michaelscott@example.org,001-880-500-3075x6220,Johnmouth,Louisiana,SOUTH,PREMIUM,2022-04-05
123,Vicki Finley,david02@example.org,774-545-1870,Anneport,West Virginia,NORTH,PREMIUM,2023-08-30
124,Kimberly Flynn,frichardson@example.org,(206)803-8505,Daltonhaven,Kansas,WEST,REGULAR,2025-03-03
125,Andrew Hall,jwoodward@example.net,865.471.9182x61990,West Jose,Massachusetts,WEST,PREMIUM,2024-12-09
126,Brandy Carrillo,louis43@example.org,721-527-7561,Parkerview,Delaware,SOUTH,REGULAR,2022-05-14
127,Amanda Huff,lindseytorres@example.net,521-335-6804x42067,Garciaberg,Delaware,SOUTH,PREMIUM,2021-09-13
128,James Parks,greertoni@example.org,+1-319-294-1013x7215,Williamsshire,Nevada,NORTH,PREMIUM,2024-12-16
129,Daniel Lopez,rjohnson@example.com,972-209-9934x768,West Patrickchester,Illinois,WEST,VIP,2026-01-26
130,Rachael Howard DDS,crystalpham@example.org,659.285.6420x5930,Morenoshire,Iowa,EAST,REGULAR,2022-12-15
131,Sylvia Brown,wrightjohn@example.net,796.252.2395,Staceyshire,Georgia,EAST,REGULAR,2026-05-22
132,Casey Johnson,marycochran@example.com,5394308705,Jennifermouth,Arkansas,EAST,REGULAR,2021-10-14
133,Shannon Yu,brendastark@example.org,(469)715-4522x675,Lake Brianna,Idaho,WEST,PREMIUM,2024-10-25
134,Tiffany Fry,jessica42@example.org,(390)529-5939x1725,Toniburgh,South Dakota,EAST,PREMIUM,2022-05-09
135,Hayley Buchanan,sean43@example.org,001-300-967-6267x6586,East Shannon,Arizona,NORTH,PREMIUM,2024-02-09
136,Stephen Martin,floresstephanie@example.org,481-859-9706,North Craig,Indiana,SOUTH,PREMIUM,2023-03-20
137,Mary Evans,uterry@example.net,206-898-7205,West Madisonfort,Illinois,WEST,REGULAR,2022-06-04
138,Brian Glover,clarkdanielle@example.org,674.918.6256x5270,Bakerview,Oregon,SOUTH,PREMIUM,2022-02-14
139,Rhonda Gutierrez,karencontreras@example.org,001-393-880-6868x79374,New Ashleyhaven,Oregon,EAST,VIP,2022-11-08
140,Rhonda Martinez,averyshane@example.org,(716)632-9451x16868,Starktown,Vermont,NORTH,VIP,2026-08-06
141,Lauren Hanna,jrodriguez@example.org,819-914-8564,Johnsonview,Montana,EAST,VIP,2022-10-27
142,Patrick Mccall,vwilliams@example.net,(705)644-4713x247,Jacobsland,Illinois,WEST,VIP,2025-05-10
143,Sharon Nicholson,robinrussell@example.com,521.248.6289x02330,Williamsstad,Virginia,SOUTH,REGULAR,2023-04-17
144,Becky Johnson,micheal78@example.com,(379)672-7985x524,South Brandonshire,Wyoming,WEST,VIP,2023-06-03
145,Kayla Hancock,deborahbyrd@example.com,001-707-922-9034x94466,Jefferyport,Utah,SOUTH,VIP,2026-01-10
146,Dr. Sara Hoffman DDS,asilva@example.net,541-271-5454x4432,Guerreroberg,Washington,WEST,VIP,2021-10-25
147,Norman Aguilar,qbright@example.com,001-435-438-7584,Connorberg,West Virginia,EAST,PREMIUM,2023-10-19
148,Henry Garner,staceylam@example.net,365-954-9471x7099,New David,Utah,EAST,PREMIUM,2024-11-04
149,William Orozco,robert22@example.org,625.521.7525x007,New Kathy,New York,SOUTH,VIP,2022-05-07
150,John Smith,christinaschultz@example.com,+1-535-505-8300,Larryville,Missouri,SOUTH,VIP,2025-11-17
151,Joseph Warren,gary04@example.com,(425)375-3260x33230,Jenniferton,Missouri,EAST,REGULAR,2023-10-10
152,Alicia Norris,wheelerbrandon@example.org,(676)418-4723x04618,Rivasville,North Carolina,SOUTH,VIP,2022-08-07
153,Paula Decker,daniel17@example.org,956.742.0873,North Alexander,Colorado,SOUTH,REGULAR,2022-07-16
154,Nathaniel Conway,fhernandez@example.net,+1-837-344-7012x0455,Port Katherineton,Alabama,SOUTH,PREMIUM,2022-10-10
155,Nicholas Watson,markkline@example.net,421-366-7467x62120,Pruittfort,Oregon,NORTH,PREMIUM,2025-04-29
156,Michael Roberson,cherylmaxwell@example.net,(777)216-7014,Lake Morgan,North Dakota,SOUTH,VIP,2026-01-18
157,Michael Cruz,reynoldsjessica@example.com,+1-390-902-8772,Johnview,Arkansas,WEST,PREMIUM,2025-11-28
158,Jeremy Berry,andreagray@example.org,877-251-7016,Port Christopherport,North Carolina,NORTH,REGULAR,2026-05-20
159,Anthony Walker,diamondbryant@example.com,758.799.7571x130,Amystad,Vermont,SOUTH,REGULAR,2022-07-03
160,Jennifer King,princetravis@example.net,831.263.7351,Port Patriciamouth,Texas,WEST,REGULAR,2025-11-20
161,Timothy Roberson,tamarasmith@example.net,882.592.2169x9586,Raymondmouth,Maine,NORTH,PREMIUM,2025-06-13
162,Sarah Kelley,devonmorrison@example.net,783-933-9452x28851,Craigside,Maine,WEST,VIP,2025-03-11
163,Anthony Adams,millsanthony@example.org,(744)920-4380,New Mirandaside,Iowa,EAST,PREMIUM,2026-05-16
164,Matthew House,yyoung@example.net,(565)580-0439x7359,Shaneland,Idaho,WEST,VIP,2023-01-28
165,Christopher Singleton,bennettroy@example.net,6579202590,Charlesmouth,North Dakota,SOUTH,VIP,2023-06-21
166,Joshua Davis,abigailhartman@example.org,935.255.4398,Lake Michaelbury,Tennessee,WEST,PREMIUM,2023-09-03
167,Joshua Campbell,flemingmanuel@example.org,258.387.7043x58112,Lake Crystal,Indiana,EAST,VIP,2025-03-16
168,Maria Case,harrismaria@example.net,001-520-675-0110x2481,Hughesfurt,Nevada,SOUTH,PREMIUM,2024-04-16
169,Lisa Avila,pricedavid@example.org,001-301-658-1449,Jamestown,New Mexico,EAST,REGULAR,2022-12-05
170,Mark Evans,derekmyers@example.net,001-350-688-2100x9968,Lake Judith,Washington,EAST,VIP,2024-07-10
171,Clinton Jensen,robertbrewer@example.net,631-329-0878x141,Lake Beverly,Michigan,SOUTH,REGULAR,2024-08-20
172,Stephanie Stewart,emilyyoung@example.com,259.749.2995x562,Port Jeffrey,West Virginia,SOUTH,VIP,2025-04-22
173,Ian Torres,mary25@example.com,+1-612-391-4283,North Melissatown,Pennsylvania,WEST,PREMIUM,2026-07-10
174,Kimberly Lutz,nhammond@example.org,725.263.9427x8816,Port Tamara,South Carolina,WEST,PREMIUM,2023-01-04
175,Tracy Fitzgerald,seanwhite@example.net,750.837.3145x3038,Hardinton,Arizona,WEST,PREMIUM,2024-05-09
176,Deborah Stephens,padillaadrienne@example.com,(566)859-1846,Lisastad,New York,NORTH,VIP,2025-09-12
177,Jose Campbell,shawdon@example.org,(322)959-1365,Mendozashire,Hawaii,NORTH,PREMIUM,2025-02-03
178,Mark Williams,sanchezdavid@example.net,001-220-624-2869,East Shanefort,New Mexico,WEST,PREMIUM,2023-01-18
179,Catherine Keller,mariaburke@example.net,225-579-9136x621,Serranoville,Idaho,SOUTH,PREMIUM,2025-08-24
180,Matthew Winters,richamanda@example.org,+1-506-986-5086,Bellshire,Connecticut,WEST,PREMIUM,2025-03-20
181,Shawn Ortiz,jonathancannon@example.org,500.798.1806,Coxberg,Nevada,EAST,VIP,2026-07-30
182,Donald Becker,jose86@example.net,001-736-888-7258x87449,Port Michelle,Delaware,WEST,VIP,2023-07-21
183,James Morgan,klogan@example.org,+1-890-326-0127,West Jeffreyland,Rhode Island,WEST,REGULAR,2021-12-02
184,Donna Stuart,zarias@example.net,2275703843,Lake Barry,Kansas,NORTH,PREMIUM,2021-08-07
185,James Willis,christopherhill@example.com,901.818.4895x54393,West Gregoryhaven,Connecticut,NORTH,REGULAR,2026-05-08
186,Tina Walter,gordonmatthew@example.org,001-947-269-7357,Wilsonland,Missouri,SOUTH,PREMIUM,2023-06-22
187,Alexandra Collier,laurengutierrez@example.com,741.765.1827,New Joseph,West Virginia,EAST,PREMIUM,2023-03-20
188,Derek Perez,pmclaughlin@example.net,295.221.1179,Watsonmouth,New York,WEST,PREMIUM,2026-06-26
189,Kenneth Brown,travis84@example.com,(278)508-5627x18750,Carpentermouth,Mississippi,WEST,PREMIUM,2023-10-22
190,Grace White,amyyoung@example.com,(636)555-6472x92931,Chaseborough,Georgia,WEST,PREMIUM,2022-11-14
191,Dr. Samuel Holmes DDS,lshaffer@example.com,344.989.0612x0347,Jordanstad,Oklahoma,WEST,REGULAR,2026-05-05
192,Tracey Gonzalez,maurice61@example.com,001-382-845-5877,Stevenberg,Hawaii,NORTH,PREMIUM,2024-06-20
193,Andrea Martin,kwelch@example.com,755.944.9647,Jacksontown,Florida,NORTH,VIP,2023-08-05
194,Brendan Zuniga,shelby13@example.org,680.506.8114x9216,Lake Justin,South Dakota,NORTH,REGULAR,2022-09-03
195,Shannon Nguyen,alisonjackson@example.org,878.648.7282x9979,Timothybury,Colorado,NORTH,VIP,2025-05-10
196,Joseph Chang,michael42@example.com,(254)878-0774,Carlatown,Oklahoma,SOUTH,PREMIUM,2024-10-10
197,Miguel Brewer,robertcastro@example.com,(534)316-3894x4846,East Keith,South Dakota,SOUTH,PREMIUM,2025-06-21
198,Alec Williams,nnelson@example.com,+1-502-314-4270,North Tristan,Michigan,EAST,REGULAR,2025-03-04
199,Amanda Miller,kristi75@example.com,001-520-846-1872x34601,Wrightton,Illinois,NORTH,REGULAR,2025-07-08
200,Tyrone Mayer,boydtina@example.com,(708)281-4743,North Joel,Nevada,NORTH,VIP,2024-05-11
201,David Novak,jacksonjoshua@example.org,001-379-725-1327,North Michaelberg,Vermont,EAST,VIP,2026-02-28
202,Nicole Trujillo,martinezjesse@example.net,930.565.2407x784,New Michael,Washington,WEST,PREMIUM,2025-08-01
203,Christopher Phillips,mikayla98@example.org,585-770-8620x959,Lake Tammyfurt,Illinois,SOUTH,REGULAR,2026-01-21
204,Jason Morris,jcannon@example.net,981-502-2031,North Ashleyfurt,Texas,SOUTH,REGULAR,2025-10-07
205,Timothy Clark,brandon39@example.net,317.605.8650x9480,East Susanville,Connecticut,EAST,VIP,2023-07-25
206,Mario White,hlopez@example.net,001-786-419-5761x2286,Mahoneymouth,Oklahoma,NORTH,VIP,2024-05-11
207,Joshua Brooks,robert65@example.net,+1-245-477-6004,Adambury,Indiana,EAST,VIP,2024-04-11
208,Kayla Duncan,ingramsherry@example.com,001-721-507-5224,West Lisa,Colorado,EAST,REGULAR,2026-06-14
209,Frederick Olson,ncarroll@example.net,891.394.0961x0556,Lake Denise,Rhode Island,EAST,REGULAR,2021-09-11
210,Karl Murphy,hbrown@example.org,001-632-806-7998x136,East Matthew,New Mexico,WEST,REGULAR,2026-06-17
211,Patricia Anderson,kelleyjose@example.com,(578)537-6938,West Kimberlymouth,Utah,EAST,VIP,2026-07-01
212,Frank Wheeler,rodriguezrobert@example.com,2425597927,Lake Nathaniel,Wisconsin,WEST,VIP,2022-04-30
213,Sheila Wilkins,singhjohn@example.net,5515477053,Anaberg,Vermont,SOUTH,VIP,2021-10-03
214,Christopher Campbell,qaguilar@example.net,001-694-807-0164x510,South William,Virginia,EAST,VIP,2022-06-12
215,Jonathan Ellis,todd98@example.org,001-700-738-4576x205,Joelhaven,Louisiana,WEST,PREMIUM,2022-02-15
216,Glenn Long,natasha08@example.com,(416)889-3639,Reneemouth,New Hampshire,EAST,PREMIUM,2026-03-18
217,Christina Taylor,jamietaylor@example.net,001-482-762-9251x881,Lake Anthony,Massachusetts,NORTH,PREMIUM,2025-02-13
218,Denise Maxwell,vturner@example.net,522-509-9499,Lake Anthony,Colorado,SOUTH,PREMIUM,2025-08-26
219,Catherine Hughes,waynejacobs@example.net,322.433.0604x6333,Camachofort,Vermont,WEST,PREMIUM,2024-05-12
220,Lisa Holloway,bclay@example.com,001-256-599-9880x8177,Terrellton,Oklahoma,EAST,REGULAR,2024-11-22
221,Donna Jackson,leescott@example.com,490-882-7718x1298,Morristown,Idaho,EAST,PREMIUM,2025-06-16
222,Susan Hogan,nicoledavis@example.com,001-811-817-5186x892,Port Georgemouth,Oregon,EAST,VIP,2022-11-16
223,Eric Cross,invalid_email,942.212.3094x077,Youngshire,Texas,SOUTH,REGULAR,2025-08-23
224,Dana Kelley,fortiz@example.net,+1-683-702-2050x209,North Danielburgh,Hawaii,WEST,PREMIUM,2024-01-07
225,Anna Evans,tammycurry@example.com,(861)568-1472x145,New Brian,Oregon,SOUTH,VIP,2026-02-05
226,Lee Stewart,webbhaley@example.net,699.552.9978x77293,North Andrewville,West Virginia,WEST,PREMIUM,2023-05-13
227,Marcia Smith,vgutierrez@example.com,244.314.4885,Matthewshire,South Carolina,NORTH,PREMIUM,2021-11-05
228,John Johnson,jamesbass@example.net,(672)778-5760,East Barbaramouth,Minnesota,SOUTH,PREMIUM,2022-02-28
229,Sarah Duncan,juanjohnson@example.com,(929)614-5046x1735,New Kevin,Delaware,EAST,PREMIUM,2024-10-12
230,Rebecca Stein,stricklandrobin@example.com,(435)578-4521,South Paulhaven,Delaware,EAST,PREMIUM,2021-08-19
231,Angel Meyer,sarah91@example.com,+1-340-694-3533x44857,East Joshua,Alabama,EAST,PREMIUM,2026-05-11
232,Tony Brock,clarkmichael@example.com,001-232-414-9587,South Rebeccaton,Connecticut,EAST,PREMIUM,2024-11-10
233,Leslie Huff,millerphilip@example.net,001-379-954-5381x792,South Lancemouth,New Mexico,NORTH,VIP,2023-07-27
234,Jenna Lyons,douglashuang@example.com,+1-755-477-0171x57724,South Lisaville,Massachusetts,NORTH,VIP,2026-04-30
235,Cynthia Sanchez,sparksamanda@example.com,(776)515-3966,Lake Elizabeth,West Virginia,SOUTH,REGULAR,2026-06-25
236,Brent Wallace,mwilson@example.com,261-491-9657x0132,South Amanda,Missouri,WEST,PREMIUM,2026-07-07
237,Robert Frazier,rgonzalez@example.com,(251)790-9862x40580,Port Juliantown,Kansas,EAST,REGULAR,2025-04-09
238,Jeffrey Clark,tgarrett@example.com,(672)438-6562,North Charles,Alaska,EAST,REGULAR,2022-10-28
239,Robert Dalton,ibarrett@example.org,001-596-492-7868x765,Jacobsshire,New York,EAST,REGULAR,2023-08-12
240,Andrew Webb,robert89@example.com,(319)571-2847x818,Mccoyland,Utah,SOUTH,PREMIUM,2026-03-09
241,Jose Harrison,chloe58@example.org,001-956-454-4209x4940,Lake Veronicatown,Maine,NORTH,VIP,2025-09-21
242,Luis Hill,martinezchase@example.com,901-492-9275x243,West Traceyberg,Rhode Island,SOUTH,VIP,2022-11-28
243,Jeremiah Walsh,amullins@example.com,895.904.1027,Thomasside,Iowa,WEST,REGULAR,2024-10-29
244,Alexandra Ho,jwells@example.net,665.680.1856x945,West Destinyfurt,New Jersey,EAST,PREMIUM,2023-08-28
245,Adam Smith,aprilbyrd@example.org,606-618-1753,North Andrew,Colorado,EAST,REGULAR,2022-01-30
246,Angelica Jacobs,stephanielittle@example.net,(692)412-4471x7465,West Kimberlyfurt,Missouri,EAST,PREMIUM,2024-06-05
247,John Mcfarland,scottlisa@example.org,+1-662-371-2863x917,North Chadview,Wyoming,NORTH,PREMIUM,2025-05-23
248,Andrew Myers,mosleyeduardo@example.net,(856)390-8776,North Patrick,Vermont,NORTH,REGULAR,2025-09-12
249,Eric Brown,bradleysavannah@example.com,+1-515-685-1743x2806,Mosleystad,New York,EAST,REGULAR,2022-04-27
250,Nathan Watkins,imoss@example.org,261.884.7870x0505,East Lindsayhaven,New Jersey,NORTH,VIP,2026-03-01
251,Charles Valdez,joycehall@example.org,390.332.0204x1792,South Brookebury,California,SOUTH,VIP,2023-04-28
252,Bryan Sutton,vrogers@example.net,+1-325-630-9251,Port Robert,Vermont,WEST,PREMIUM,2024-09-29
253,Richard Chen,samuelfrost@example.org,(420)571-0021x9467,Lake Joseph,New Hampshire,WEST,PREMIUM,2025-02-07
254,Michelle Salazar,sharonbishop@example.org,345-760-8331,South Kaylee,Texas,NORTH,VIP,2023-05-15
255,Susan Jimenez,brian12@example.net,(900)254-3645,Lake Brianside,Idaho,NORTH,REGULAR,2022-12-11
256,Leslie Nguyen,washingtondarren@example.org,553.815.3136,North Thomas,New York,EAST,VIP,2022-01-22
257,James Ellis,nthomas@example.com,654.435.2090,Port Stevenchester,Hawaii,SOUTH,REGULAR,2024-07-09
258,Susan Lane,oliviamunoz@example.net,+1-931-668-7397,Lake Ronniebury,Kansas,SOUTH,REGULAR,2024-05-19
259,Stephanie Butler,lriley@example.org,3079806867,Allenside,Wisconsin,WEST,PREMIUM,2021-09-14
260,Matthew Davis,idodson@example.com,942.279.9077x2625,South Patriciamouth,North Dakota,EAST,VIP,2021-11-16
261,Christine Cohen,ronald49@example.net,+1-750-785-0165x790,Lake Angelica,California,WEST,REGULAR,2026-05-15
262,John Crosby,devonrogers@example.net,001-233-355-4864,Michaelfort,North Carolina,EAST,VIP,2026-01-29
263,Jodi Richardson,harrisonamanda@example.net,+1-413-971-1624x11241,Port James,South Dakota,SOUTH,PREMIUM,2021-10-16
264,Jeremy Newman,robert82@example.com,931-903-8569x5579,Ashleyport,Hawaii,SOUTH,VIP,2023-10-23
265,Duane Huber,toddarellano@example.org,+1-428-942-2223x105,Mikeborough,Oklahoma,EAST,REGULAR,2021-11-22
266,Carla Turner,tiffany25@example.com,7676275208,Kempshire,Texas,SOUTH,PREMIUM,2022-11-06
267,Andrew Gregory,hmorgan@example.net,740-269-3751,New Alicia,Wyoming,EAST,PREMIUM,2023-12-18
268,Tina Daugherty,andrewryan@example.com,(837)759-9805x6265,West Michaelport,New Hampshire,EAST,VIP,2026-05-16
269,Regina Roberts PhD,lewispamela@example.net,(862)399-1234x78519,South Danielleview,Nebraska,EAST,VIP,2023-02-01
270,Ronnie Roberts,wpage@example.org,604.994.7873x0024,Lake Elizabethport,Nebraska,WEST,REGULAR,2023-02-15
271,Phillip Snyder,pknox@example.org,395-797-9647,Port Jordanshire,Arkansas,WEST,VIP,2022-11-04
272,Isaac Fields,steven25@example.org,(704)748-1832x192,Josephstad,Connecticut,EAST,REGULAR,2026-02-22
273,Richard Jenkins,madeline02@example.net,(313)828-3389,Moonville,Florida,NORTH,VIP,2021-09-29
274,Jeremy Huerta,sbailey@example.com,352.840.1322x34232,North Andrewfort,Wisconsin,NORTH,REGULAR,2025-04-07
275,Amy Wilson,gonzalezantonio@example.net,701-240-1193x932,East Meghanview,Pennsylvania,WEST,PREMIUM,2024-07-22
276,Andrea Weiss,ethan89@example.org,001-408-933-4280x13875,East Maryfurt,Nevada,WEST,VIP,2023-06-03
277,Brian Taylor,rickjuarez@example.com,001-954-580-1571x64794,Robertschester,Illinois,NORTH,PREMIUM,2022-03-11
278,Michael Powers,xcrosby@example.org,(578)711-2669x1215,New Megan,Montana,EAST,PREMIUM,2022-08-23
279,Pamela Wheeler,maryhardy@example.com,001-965-979-6784x27114,Lake Sherri,Alaska,SOUTH,PREMIUM,2022-06-12
280,Janet Shelton,greertyrone@example.org,(549)691-1877,Henryview,Ohio,WEST,PREMIUM,2024-07-09
281,Barbara Cole,cisnerosanthony@example.com,(877)900-2842x7624,New Emilyside,Utah,WEST,VIP,2026-03-09
282,Dennis Garza,kalvarez@example.net,(295)745-0090x2559,Davisstad,Minnesota,NORTH,PREMIUM,2025-02-06
283,Leslie Lozano,brian33@example.org,941-852-0850,Adamsfort,Pennsylvania,NORTH,PREMIUM,2021-10-15
284,John Vazquez,nicholas65@example.net,857.585.2945,Reidland,Ohio,NORTH,VIP,2023-06-03
285,Lori Rubio,joseph49@example.com,001-791-395-4198x763,Williamport,Nevada,WEST,PREMIUM,2026-03-11
286,Megan Kelley,james64@example.net,8822973748,West Steven,Kansas,EAST,VIP,2022-11-17
287,Sarah Adams,megan65@example.org,924-993-6312x3034,Hendersonton,Illinois,WEST,REGULAR,2022-12-15
288,Maria Williams,derek44@example.net,001-470-501-5941x6516,New Jessicaville,North Dakota,SOUTH,PREMIUM,2026-07-15
289,Robert Murphy,tyler13@example.net,001-663-963-2123,Kingshire,Arkansas,WEST,REGULAR,2025-10-08
290,Michael Richmond,holly15@example.net,(557)654-0900,Parkerstad,Utah,SOUTH,VIP,2022-08-21
291,Tabitha Turner,miaprice@example.com,001-734-832-7560x41776,Port Ethanview,North Carolina,NORTH,VIP,2022-03-01
292,Pamela Davidson,robert85@example.com,(372)306-3459,East Zachary,Wyoming,SOUTH,REGULAR,2022-09-15
293,Nicholas Green,usparks@example.com,+1-295-543-1652x66930,South Jamesburgh,Arkansas,NORTH,VIP,2025-01-03
294,Carolyn Bradley,jburke@example.org,6866771333,Reyeschester,Indiana,WEST,VIP,2023-06-07
295,Charles Roberts,jessica36@example.org,739-873-5971x072,Lake Patrick,Nevada,EAST,PREMIUM,2023-10-12
296,Kaitlin Gomez,davisbrian@example.com,+1-290-404-8964x652,Geoffreyfort,Michigan,WEST,REGULAR,2025-07-31
297,Bruce Williams,christopherpage@example.com,(774)856-4494,West Jillian,New York,SOUTH,PREMIUM,2022-11-19
298,Andrew Green,jbrown@example.org,001-376-417-0758x777,West Claytonport,Idaho,SOUTH,REGULAR,2023-01-11
299,Mrs. Pamela White DVM,anna93@example.net,371.750.4165,North Christopher,Virginia,WEST,PREMIUM,2025-09-05
300,Erin Williams,rfuller@example.net,+1-875-392-3045x018,Scottbury,Wyoming,EAST,REGULAR,2024-12-28
301,Dominique Goodwin,smithjared@example.com,+1-521-947-6492x5158,Mcclurefort,Louisiana,EAST,VIP,2026-05-22
302,Jessica Simmons,bdavis@example.com,3856732788,Kimfort,Maryland,WEST,REGULAR,2022-11-11
303,Elizabeth Williams,gabrielleevans@example.org,608-718-6617,Brendahaven,Alaska,WEST,PREMIUM,2022-07-26
304,Jason Bush,lwhite@example.com,897-279-4523x21941,South Darrylburgh,Tennessee,WEST,PREMIUM,2025-08-28
305,Katelyn Montgomery,qholt@example.net,+1-256-541-2203x103,Wongbury,Nevada,SOUTH,VIP,2026-03-07
306,Alex Martin,christophercarrillo@example.org,(677)870-7933,West Alanchester,Nebraska,WEST,REGULAR,2025-10-25
307,Lisa Gregory,benjamin67@example.net,330.980.6958x1467,Shanechester,Alaska,WEST,REGULAR,2022-12-21
308,Daniel Stout,jessica75@example.com,997-424-6657x29341,East Eric,New York,WEST,VIP,2022-06-16
309,Justin Kidd,fhahn@example.com,(545)322-8015x619,South Jonathan,Michigan,WEST,PREMIUM,2024-08-14
310,Shelly Munoz,carrilloangela@example.org,207-371-1991,Lake David,Indiana,SOUTH,PREMIUM,2024-09-03
311,Dr. Christian Cox PhD,jessicaerickson@example.net,437-360-3754,Nathanchester,Mississippi,SOUTH,VIP,2023-09-08
312,Jeffrey Hardin,karenmoreno@example.org,885.407.2081x155,Brownton,Texas,EAST,REGULAR,2022-11-18
313,Valerie Barnes,levinetina@example.net,+1-984-755-0489x26738,Roweport,Colorado,WEST,REGULAR,2021-11-29
314,Brandon Arnold,peter28@example.net,752.600.8943x46810,Davidville,New Hampshire,WEST,REGULAR,2024-02-18
315,Krystal Kline DDS,chaveztonya@example.net,+1-593-354-4926,Zacharyborough,Wyoming,WEST,VIP,2024-09-02
316,Angela Brown,tgarcia@example.com,(873)671-5869,Fieldsmouth,Vermont,NORTH,PREMIUM,2025-10-05
317,Michael Anderson,jcolon@example.net,001-888-313-7702x851,West Ashleyton,North Dakota,EAST,PREMIUM,2022-11-26
318,Alfred Thomas,watsonvickie@example.com,001-360-744-3270,Port Bradleyfort,Oregon,WEST,VIP,2024-03-26
319,Nathan Obrien,ymccullough@example.com,001-828-777-7251x99663,Lake Pamelaview,Tennessee,EAST,VIP,2022-05-09
320,Matthew Schneider,jasminearmstrong@example.net,939-289-0983,Lake Sharonburgh,Alaska,WEST,PREMIUM,2023-12-09
321,Robert Lawson,johnthornton@example.net,(690)370-5626x0856,North Amberport,Georgia,WEST,VIP,2023-02-25
322,Amy Woodward,kayla24@example.com,(700)646-1526,Davidville,Arkansas,NORTH,REGULAR,2023-04-28
323,Kathy Avery,karenwillis@example.com,605-378-6170x630,Port Angela,Florida,EAST,REGULAR,2024-03-10
324,Walter Brooks,ogriffin@example.net,(638)468-7007,North Sarahfort,Louisiana,WEST,REGULAR,2023-09-25
325,Katrina Williams,okidd@example.org,001-789-714-1612x8463,Tiffanymouth,Louisiana,NORTH,PREMIUM,2023-09-10
326,Michael Lucas,matthew79@example.com,8973002687,New Anthonymouth,Utah,EAST,REGULAR,2022-08-25
327,Ryan Cain,teresa69@example.com,6177537030,North Lisa,South Dakota,NORTH,PREMIUM,2024-03-05
328,Johnathan Padilla,jimsnyder@example.com,+1-530-436-1498x728,New Davidland,Florida,WEST,REGULAR,2023-10-22
329,Michael Braun,nicoledaniel@example.com,001-689-348-7060x566,Simpsonhaven,Wisconsin,WEST,VIP,2021-12-20
330,Aaron Lee,brandonhull@example.net,790-636-1332,Lake Colleentown,New Mexico,SOUTH,REGULAR,2025-04-10
331,Danielle Wells,watkinsconnie@example.com,205-283-1997x17911,Edwardsland,Florida,WEST,VIP,2022-02-15
332,Brian Brown,nbrown@example.net,2469619639,Marshallchester,South Carolina,WEST,VIP,2022-06-17
333,Corey Garcia,debra07@example.net,+1-919-439-2845x679,East Laura,Arkansas,WEST,VIP,2022-09-07
334,Kimberly Thomas,breanna85@example.com,249.854.5089x2038,Jamesborough,South Dakota,EAST,VIP,2023-04-24
335,Julie Schwartz,invalid_email,001-995-294-6521,Robinsontown,South Dakota,WEST,PREMIUM,2023-06-30
336,Tiffany Rivera,stevenlewis@example.com,001-463-662-0501x5081,Leeshire,Wisconsin,SOUTH,REGULAR,2024-08-29
337,Stephen Higgins,hesterjames@example.com,583-623-0241x02615,Allenstad,Texas,EAST,VIP,2023-01-21
338,Thomas Norton,ejohns@example.org,586.655.9630,West John,South Dakota,WEST,VIP,2023-12-25
339,Brad Ruiz,melissaschmitt@example.com,+1-991-928-6857x87255,Adamsfurt,South Dakota,EAST,REGULAR,2026-07-26
340,Jennifer Torres,clarkpatricia@example.com,(592)254-8121x4785,Huntmouth,Nevada,WEST,REGULAR,2025-06-08
341,James White,xreynolds@example.com,341.651.4888,North David,Mississippi,EAST,VIP,2021-12-03
342,Robert Sutton,matthewleonard@example.com,239-928-4044x566,Port Raymond,Iowa,EAST,REGULAR,2023-05-21
343,Miranda Murray,lhall@example.net,253-766-3778,New Morgan,Maryland,WEST,PREMIUM,2021-09-06
344,Jeffery Goodwin,invalid_email,001-884-859-0902x25999,South Bryce,Missouri,NORTH,VIP,2023-03-15
345,Elizabeth Jackson,krodriguez@example.com,+1-682-309-7023x16433,Brownhaven,Alabama,EAST,REGULAR,2023-01-22
346,Betty Barnes PhD,michele66@example.org,(932)634-6729x9493,North Vickie,New Hampshire,EAST,REGULAR,2022-02-21
347,Keith Henry,pjacobs@example.net,590.414.7546x926,Ellisburgh,Vermont,EAST,VIP,2026-06-08
348,Brooke Khan,longsonya@example.org,+1-341-337-6815,Robertburgh,Kentucky,SOUTH,VIP,2023-05-13
349,Julia Cooper,murraycharles@example.net,(336)500-4125x7771,Taylorview,Hawaii,NORTH,PREMIUM,2023-01-19
350,Jeanne Jones,lawsongregory@example.org,001-304-827-5230x83708,Scotttown,Arkansas,NORTH,VIP,2024-10-22
351,Alan Johnson,sarahbrooks@example.org,8533131220,Marcusborough,South Carolina,SOUTH,REGULAR,2023-05-12
352,Howard Thompson,hmcmillan@example.org,(550)863-7314x9501,Katrinafort,Connecticut,EAST,VIP,2026-02-27
353,Miss Megan Compton,johnathandavis@example.com,001-825-525-7150x997,East Andrewville,Maryland,SOUTH,REGULAR,2023-08-11
354,James Phillips,ntodd@example.org,(663)703-9752,New Latoyachester,Tennessee,EAST,VIP,2024-01-20
355,Joshua Knox,perezjessica@example.com,+1-233-496-8527x01713,East Christopher,Pennsylvania,EAST,REGULAR,2026-04-08
356,Christopher Gonzalez,joelmiller@example.net,(829)434-4973x47156,Alexanderhaven,South Carolina,WEST,PREMIUM,2025-04-14
357,Jessica Miller,lorileon@example.org,998-328-2467x4746,Derrickfort,Illinois,EAST,REGULAR,2022-11-30
358,Katherine Frost,adamhensley@example.net,(556)874-9160x1692,Kelseystad,North Carolina,NORTH,REGULAR,2025-10-03
359,John Dorsey,heather66@example.net,(202)349-7243x992,Lake Jenniferfurt,Montana,SOUTH,VIP,2026-08-02
360,Jeffery Holt,stonejacob@example.com,686.294.6119x52436,Port Travis,Connecticut,WEST,VIP,2022-03-11
361,Carolyn Brooks,pwarren@example.com,001-223-472-8179x323,West Tonya,Nebraska,WEST,REGULAR,2025-05-07
362,Caleb Brown,oneillgabriel@example.com,2932771004,East Alexatown,Missouri,NORTH,PREMIUM,2026-01-08
363,Jacob Wu,sarah75@example.net,235-366-9055x10762,Stephaniebury,Mississippi,EAST,VIP,2025-06-11
364,Mark Mcmahon,qrobertson@example.org,905-305-7397x69156,Carterborough,Virginia,EAST,REGULAR,2022-10-25
365,Whitney Archer,andersonlaura@example.com,827.217.8333x211,West Raven,Wyoming,WEST,REGULAR,2023-12-26
366,Chad Nichols,jenniferwade@example.net,001-571-553-9915x6686,Darrellland,Delaware,EAST,VIP,2022-05-10
367,Samuel Finley,joy31@example.net,001-704-709-8366,New Elizabeth,Pennsylvania,NORTH,VIP,2023-06-28
368,Robert Phillips,fosteramanda@example.com,777.629.4209,West Wendyshire,New Mexico,EAST,VIP,2023-06-08
369,Mrs. Samantha Clark,ycarter@example.org,001-930-727-6420x8656,Myershaven,Washington,SOUTH,REGULAR,2024-01-03
370,Frank Moody,heather38@example.com,4475292774,Port Kaitlin,West Virginia,EAST,PREMIUM,2021-09-04
371,Shannon Bennett,jessica91@example.net,(820)515-7201x85962,North Johnfort,Maryland,SOUTH,VIP,2023-01-24
372,Paula Hancock,yparsons@example.net,+1-264-975-0111x1783,Heatherville,Pennsylvania,WEST,PREMIUM,2023-02-20
373,Kenneth Garcia,pwashington@example.net,982-360-6888,Port Karenville,Idaho,WEST,VIP,2023-02-17
374,Kenneth Delgado,peterslauren@example.org,484-801-1845,East Kevinhaven,Maine,SOUTH,PREMIUM,2026-02-21
375,Thomas Shea,ftaylor@example.net,+1-488-531-0303x243,Joshuachester,California,WEST,VIP,2026-04-11
376,David Coleman,jorge26@example.com,001-828-431-4359x892,Victoriachester,Missouri,EAST,REGULAR,2021-10-26
377,Jennifer Murphy,chrismartinez@example.org,855-542-3401,Lynnville,Idaho,SOUTH,PREMIUM,2026-01-28
378,Kenneth Campbell,brianna71@example.net,891-902-5625x889,West Albert,North Carolina,SOUTH,PREMIUM,2022-12-03
379,Nicholas Villegas,douglasbradley@example.com,001-839-567-2757x844,Cynthialand,Maryland,EAST,VIP,2025-01-20
380,Brandon Johnston,megan11@example.net,948-370-6827,Smithborough,West Virginia,EAST,REGULAR,2021-08-29
381,Patrick Tapia,vpark@example.com,290.897.2832x15285,Graystad,Delaware,SOUTH,REGULAR,2024-06-22
382,John Baker,marierosales@example.org,9962348079,Adammouth,Michigan,WEST,REGULAR,2024-02-19
383,Brian Vasquez,daniel52@example.com,688-526-1702,Fosterport,Mississippi,NORTH,REGULAR,2025-03-29
384,Jessica Taylor,amandaadams@example.com,001-260-453-1340x2665,South Susan,Louisiana,SOUTH,REGULAR,2022-08-11
385,Erika Duran,fburns@example.net,(286)721-1022x5803,Braytown,Nevada,SOUTH,REGULAR,2025-09-06
386,Monica Lopez,justin16@example.org,414-536-3718x923,East Richardview,Illinois,SOUTH,VIP,2022-11-04
387,Jamie Warren,msmith@example.org,001-633-756-7086x041,Sherrychester,Kansas,SOUTH,PREMIUM,2024-04-26
388,Christy Kennedy,whiteaaron@example.net,+1-416-724-7554x110,Judithstad,West Virginia,NORTH,PREMIUM,2026-02-05
389,Stephen Anderson,john43@example.net,001-691-909-3371x1895,New Jennifer,Arizona,SOUTH,REGULAR,2022-09-08
390,Stephanie West,robertdawson@example.net,001-416-617-6880x294,New Bruceborough,West Virginia,SOUTH,REGULAR,2024-12-23
391,Paul Cruz,gcohen@example.org,001-966-694-3202x93908,Melissaport,Virginia,NORTH,REGULAR,2023-11-19
392,Mark Mcmahon,invalid_email,724-303-3810x595,Jenniferchester,South Carolina,SOUTH,VIP,2024-02-09
393,Diana Scott,tracie05@example.org,9895164983,Josephshire,South Dakota,SOUTH,PREMIUM,2024-12-17
394,Steven Davis,seanblair@example.com,(272)623-9724,East Lisa,Utah,WEST,VIP,2023-03-13
395,Tracy Garcia,thomasronald@example.com,620.491.6601x00231,Port Tammyville,Ohio,NORTH,PREMIUM,2024-06-23
396,Robin Parker,harristimothy@example.net,323.808.4810x0184,North Rhonda,Alaska,EAST,VIP,2023-07-12
397,Thomas Cohen,wcruz@example.net,+1-317-221-3145x19515,East Roy,Michigan,WEST,VIP,2023-02-21
398,Robert Bailey,qhernandez@example.net,747-454-1022,Griffinfort,California,NORTH,VIP,2022-07-24
399,Zachary White,rmoyer@example.org,(955)976-7695x2366,South Christopher,Virginia,EAST,PREMIUM,2025-03-09
400,Samuel Cox,jacquelineyoung@example.org,521.505.5247x2863,Lake Devinberg,Missouri,NORTH,REGULAR,2021-10-27
401,Angela Monroe,swatson@example.org,(802)452-1310,South Julia,West Virginia,WEST,PREMIUM,2026-01-31
402,Donna Moore,theodore57@example.net,+1-609-528-2066x7849,Huynhview,Colorado,WEST,VIP,2026-01-13
403,Manuel Robinson,ispence@example.net,(489)217-7566,Deborahborough,Louisiana,NORTH,REGULAR,2022-07-09
404,Douglas Weaver,millercarrie@example.com,539-604-3830,New Annetteshire,New Mexico,SOUTH,REGULAR,2021-12-26
405,Dr. Tina Porter,edwardssherry@example.org,965-221-5681x82096,Evanmouth,Colorado,EAST,PREMIUM,2022-05-23
406,Nathan Holder,nicoleaguirre@example.net,589.585.7254x59606,East Ashleyfort,Connecticut,EAST,PREMIUM,2021-09-22
407,Mr. Christopher Phillips Jr.,katiecollins@example.org,001-655-911-2747,North Teresa,New York,WEST,REGULAR,2021-12-08
408,Betty Richardson,michele66@example.net,+1-255-416-8740x903,West Nicholasshire,Montana,NORTH,VIP,2022-03-21
409,John Nichols,paulford@example.org,711.921.6636x515,Lake Judith,Delaware,SOUTH,PREMIUM,2023-12-19
410,Daniel Carroll,jjohnson@example.com,+1-660-456-7303x064,East Chadfurt,Colorado,SOUTH,PREMIUM,2024-02-19
411,Debbie Rivas,hsavage@example.org,965-442-3567,Gomezshire,Missouri,WEST,PREMIUM,2021-09-06
412,Matthew Colon,christiancontreras@example.net,001-950-427-2751x6480,Fowlershire,Connecticut,NORTH,PREMIUM,2021-11-28
413,Carol Gray,julielopez@example.net,(933)990-5504x481,Jenkinsstad,Ohio,EAST,PREMIUM,2025-03-22
414,Juan Martin,daniel27@example.com,(964)364-9111x10961,Gordonton,Texas,WEST,REGULAR,2024-01-24
415,Ashley Gates,xlewis@example.com,657-666-0538,Kylechester,Utah,NORTH,REGULAR,2023-08-27
416,Richard Randall,mcculloughrobert@example.org,895.452.9638x63960,Maddenburgh,Montana,EAST,REGULAR,2024-04-21
417,Lynn Mueller,samuelgarcia@example.org,001-348-825-3110x60920,Lake Jessicamouth,South Dakota,EAST,VIP,2024-08-23
418,Ryan Barber,johnhurst@example.com,(340)441-2091x1791,Joseburgh,Colorado,EAST,VIP,2022-04-04
419,Robert Gutierrez,nkirk@example.com,213.366.5722x4029,Victoriafort,South Carolina,WEST,VIP,2026-03-31
420,Allen Johnson,moorejudy@example.org,923.551.3052x31244,West Jeanport,New Jersey,EAST,VIP,2025-10-25
421,Craig Mathis,zhunt@example.org,001-846-619-9423x767,Cindyfurt,Nevada,NORTH,VIP,2023-04-19
422,Tina King,nathaniel17@example.org,(349)585-6012x56253,Nathanmouth,Delaware,SOUTH,VIP,2021-09-05
423,Erica Hall,haley53@example.com,664-393-8318,Flemingchester,Massachusetts,NORTH,PREMIUM,2024-04-27
424,Donald Wilson,jameslang@example.com,229.959.6390x409,Davidfurt,Arizona,EAST,REGULAR,2026-02-19
425,Robert Cummings,rogersallen@example.com,955-961-8579x064,Port Nathanielville,Alaska,SOUTH,PREMIUM,2023-07-03
426,Misty Perez,petersendominic@example.com,235-680-0401,West Markfurt,Louisiana,NORTH,VIP,2023-01-18
427,Nicole Barron,brandywilson@example.com,(671)688-3977x45731,West Angelicabury,Texas,EAST,REGULAR,2023-05-08
428,Daniel Cardenas,jonestroy@example.org,671.953.9885,Port William,Florida,EAST,PREMIUM,2023-06-17
429,James Jones,paul79@example.net,(224)991-2711x30724,Bellville,Oklahoma,SOUTH,REGULAR,2022-04-25
430,Gene Alexander,ryan26@example.net,(910)866-3436x294,Lake Brendanbury,Delaware,WEST,REGULAR,2023-06-20
431,Joseph Hill,brownaustin@example.com,+1-666-661-3473x235,North Jacksonfort,West Virginia,NORTH,REGULAR,2024-03-12
432,Steven Thomas,georgemaldonado@example.org,2767502412,Aguilarfort,Kansas,SOUTH,PREMIUM,2025-08-14
433,Sara Fox MD,williamsandre@example.net,(611)945-7758,Michaeltown,Minnesota,EAST,REGULAR,2024-02-28
434,Joseph Bowman,patricia97@example.org,(863)725-7039,Lake Christopher,Missouri,EAST,VIP,2022-07-08
435,Thomas Bailey,natalie87@example.net,969-764-4309x85916,Danieltown,New York,NORTH,REGULAR,2022-11-07
436,Mary Torres,hbecker@example.com,214-807-0349x1074,Donnatown,Arkansas,NORTH,VIP,2023-09-27
437,Patricia Moore,michaelcampbell@example.net,242-936-9143,Johnfurt,Nevada,WEST,VIP,2024-12-29
438,Justin Shelton,orozcosamantha@example.net,992-434-2683x44149,Pattonchester,Connecticut,WEST,PREMIUM,2022-10-11
439,Julie Patterson,gbenson@example.net,(767)408-0612x94398,Brianfurt,Florida,NORTH,PREMIUM,2025-01-09
440,Anthony Brown,fordkathryn@example.net,+1-215-591-4975x0198,New Joy,New York,EAST,VIP,2022-10-04
441,Eric Hays,pattybowman@example.org,3793311029,East Dale,Alaska,WEST,VIP,2025-11-25
442,William Wilkins,hmyers@example.com,+1-449-479-1620,East William,Vermont,NORTH,REGULAR,2026-04-01
443,Kevin Richardson,thomasroberts@example.net,866-217-6620x471,Austinmouth,Arizona,NORTH,REGULAR,2024-08-13
444,Christopher Mason,taylorsharp@example.com,635.686.8122x59572,Jonesfort,Missouri,SOUTH,REGULAR,2025-08-11
445,Beverly Nguyen,barbarapennington@example.net,001-559-396-1002,South Sarahfort,Massachusetts,EAST,PREMIUM,2023-07-27
446,Nicole Fisher,danielgilmore@example.net,209-441-0175,Danielmouth,Missouri,WEST,VIP,2022-09-24
447,Curtis Martin,jameshenry@example.net,331.790.1302x05698,Lake Jessica,Washington,SOUTH,PREMIUM,2026-02-02
448,Kathryn Kelly,nlee@example.net,+1-421-676-6191,North Victorton,Rhode Island,SOUTH,VIP,2026-03-13
449,Andrea Savage,andrew44@example.com,318-993-8984x6908,Deniseton,Michigan,EAST,REGULAR,2025-03-08
450,Morgan Glass,james02@example.org,+1-903-471-9905x16991,Jenniferville,Arizona,NORTH,PREMIUM,2025-10-27
451,Sherri Perez,invalid_email,2038896087,Dominguezchester,Vermont,NORTH,PREMIUM,2025-03-25
452,Mrs. Cheryl Kim,darrellwilson@example.net,2332190368,Port Brian,Arkansas,WEST,VIP,2022-09-04
453,Matthew Sanchez,cwhite@example.com,529-967-1114x8375,Shellyside,Maine,EAST,REGULAR,2023-09-04
454,Steven Thornton,luis88@example.org,+1-774-413-2834x831,East Hollymouth,Delaware,EAST,REGULAR,2021-10-12
455,Elizabeth Hanna,rhuff@example.com,2495670667,South Jack,Nevada,WEST,VIP,2026-02-16
456,Susan Webster,guerreroanthony@example.com,949-830-5966x01864,Franciscofurt,New Jersey,NORTH,PREMIUM,2023-08-17
457,Angela Wright,rebeccacampbell@example.net,+1-645-696-0945,North Kurtmouth,Kentucky,SOUTH,PREMIUM,2023-02-13
458,Vincent Castillo,cford@example.org,+1-736-309-1498,Whiteview,Kentucky,NORTH,PREMIUM,2025-10-22
459,Crystal Pena,jeremythompson@example.net,(687)695-0830,Lake Meganstad,Ohio,EAST,REGULAR,2021-12-23
460,Billy Harris,michaeljones@example.com,001-756-716-4205,Merrittstad,New Mexico,SOUTH,REGULAR,2024-02-06
461,Allison Lynch,martinbradley@example.org,888-395-3690x26113,New Thomashaven,North Dakota,NORTH,VIP,2025-05-08
462,Robert Madden,joseph94@example.org,775.313.7651,Denisebury,New Hampshire,EAST,PREMIUM,2025-02-28
463,Danielle Blankenship,ashleyserrano@example.org,+1-992-594-4551x16682,South Alexis,Delaware,SOUTH,REGULAR,2025-02-27
464,Sandra Johnson,kathy71@example.org,(812)588-6652,Davidmouth,Pennsylvania,EAST,REGULAR,2022-07-07
465,Lynn Yang,jonessamantha@example.com,(847)722-9812x09957,Thompsonshire,Louisiana,SOUTH,VIP,2022-06-04
466,Kelly Romero,kennethpeterson@example.net,(745)365-2203x68499,Justinville,Maine,WEST,PREMIUM,2023-12-05
467,Deanna Obrien,kgonzales@example.com,234-221-3882,North Tracy,Alaska,WEST,VIP,2024-09-28
468,Kelly Guerra,juangould@example.com,511-376-7412x4151,Ericmouth,Louisiana,EAST,VIP,2025-06-15
469,Timothy Bauer,mannleroy@example.org,938-400-3296x33472,Campbellborough,South Dakota,WEST,REGULAR,2022-05-09
470,Michelle Williams,aaronjones@example.net,001-649-969-3578x243,Roblesfurt,Rhode Island,EAST,PREMIUM,2024-08-20
471,Stephanie Gallagher,ophillips@example.org,(975)836-1275x15627,North Kelly,North Carolina,EAST,VIP,2023-06-06
472,Evan Myers,xbrown@example.com,866.540.4735x047,New Jamie,South Dakota,WEST,PREMIUM,2022-07-15
473,James Deleon,david80@example.net,658-410-8358x32863,Martinborough,Oklahoma,EAST,PREMIUM,2023-09-18
474,James Washington,johnsonandrew@example.net,(844)803-3041,Port Joy,Louisiana,NORTH,VIP,2022-04-27
475,Adrian Greer,jonesjennifer@example.net,+1-621-696-3945x680,Harrisview,Tennessee,WEST,PREMIUM,2026-07-02
476,Jason Ramirez,bbennett@example.org,288-836-0765x8173,South Mitchell,Oregon,NORTH,PREMIUM,2022-07-11
477,Sean Burns,martin11@example.net,212.969.7893,Robertmouth,Georgia,SOUTH,PREMIUM,2021-11-28
478,Daniel Hart,hannah96@example.org,387.853.5778x8116,Port Alexander,North Dakota,SOUTH,REGULAR,2022-08-19
479,Jeff Jackson,jameskane@example.org,772.486.6041x64485,West Alexandra,Indiana,EAST,VIP,2024-10-03
480,Sarah Taylor,thomas35@example.net,970.756.2271x04331,North Colleenburgh,California,SOUTH,REGULAR,2024-07-30
481,Robert Parrish,michaelsmith@example.org,001-345-496-4883,Lake Javierburgh,Kentucky,WEST,PREMIUM,2026-05-24
482,Erin Ingram,martinezalexa@example.net,001-594-397-3203,East Fred,Alabama,SOUTH,PREMIUM,2024-05-07
483,Jessica Ruiz,huangbrett@example.net,381-538-6667x5485,Lake Martha,Virginia,EAST,PREMIUM,2022-10-24
484,Melissa Grant,fcastro@example.net,(452)205-7563x98365,South Michael,Illinois,EAST,VIP,2021-08-24
485,Lisa Johnson,mark54@example.net,976-404-4090x797,Bradyside,Connecticut,EAST,REGULAR,2021-12-03
486,Roy Wilson,anthony22@example.org,705.218.4390x552,Butlerton,California,WEST,PREMIUM,2023-03-29
487,Lee Barker,jessicamiller@example.com,(320)344-8515x79197,East Jessicaburgh,Massachusetts,SOUTH,PREMIUM,2021-10-08
488,Shawn Harding,kristinarobinson@example.com,532-540-6424x2956,Nicoleburgh,Maine,SOUTH,PREMIUM,2023-10-21
489,Hannah May,fbaker@example.com,520.796.2893x654,Christopherborough,Kentucky,WEST,REGULAR,2023-06-16
490,Charlotte Taylor,hgreen@example.net,001-755-296-9051,South Thomas,Michigan,NORTH,PREMIUM,2022-06-14
491,Nicole Gonzales,robintorres@example.com,+1-979-896-6734x595,Billybury,Wisconsin,EAST,REGULAR,2025-11-29
492,Allen Hunt,fisherkim@example.net,998-839-2250x1425,South Aaron,Georgia,NORTH,VIP,2023-04-21
493,Jessica Ramsey,kevinmiller@example.org,(885)507-2517,Barnettmouth,Virginia,EAST,REGULAR,2023-08-31
494,Gabriel Campbell,hugheslucas@example.org,+1-769-768-1579x03923,Waltertown,South Carolina,SOUTH,REGULAR,2024-12-26
495,Eric Davis,brewerdevin@example.org,(826)324-4670x4622,Drakestad,Utah,WEST,REGULAR,2022-06-18
496,Kenneth Cruz,alara@example.org,707.966.0464x197,Meganstad,Delaware,SOUTH,REGULAR,2023-02-13
497,Adam Vaughan,yschmidt@example.net,001-394-938-9760x740,Richardsonstad,Kentucky,NORTH,VIP,2025-03-21
498,Howard Smith,emily08@example.com,440-491-5086x32181,Jordanview,Minnesota,NORTH,VIP,2025-06-30
499,Laura Williams,samanthaberger@example.net,450-629-1681x54660,Port Ritaville,Illinois,SOUTH,VIP,2026-06-15
500,Dana Lindsey,wanda98@example.net,(497)636-4248x096,Adamborough,Alaska,SOUTH,REGULAR,2025-02-14
